Info;;;;;;;;;;;;;;;;;;;;;;;;;;;;;;;;;;;;;;;;;;;;;;;;;;;;;;;;;;;;;;;;;;;;;;;;;;;;;;;
"This spreadsheet ""Database.xlsx"" comprises data of thermodynamic, optical, mechanical properties of materials";;;;;;;;;;;;;;;;;;;;;;;;;;;;;;;;;;;;;;;;;;;;;;;;;;;;;;;;;;;;;;;;;;;;;;;;;;;;;;;
"In Sheet 1 ""main"" there are coefficients for steady functions of thermophysical properties in depence on pressure and temperature from VDI Heat Atlas.";;;;;;;;;;;;;;;;;;;;;;;;;;;;;;;;;;;;;;;;;;;;;;;;;;;;;;;;;;;;;;;;;;;;;;;;;;;;;;;
;;;;;;;;;;;;;;;;;;;;;;;;;;;;;;;;;;;;;;;;;;;;;;;;;;;;;;;;;;;;;;;;;;;;;;;;;;;;;;;
;;;;;;;;;;;;;;;;;;;;;;;;;;;;;;;;;;;;;;;;;;;;;;;;;;;;;;;;;;;;;;;;;;;;;;;;;;;;;;;
Data;;;;;;;;;;;;;;;;;;;;;;;;;;;;;;;;;;;;;;;;;;;;;;;;;;;;;;;;;;;;;;;;;;;;;;;;;;;;;;;
Material;Molar weight of molecules in kg/mol calculated from ;Gaseous specific heat capacity parameters from VDI Heat Atlas D3.1 Tab. 6 p. 405;;;;;;;Gaseous thermal conductivity parameters from VDI Heat Atlas D3.1 Tab. 10 p. 445;;;;;Gaseous dynamic viscosity parameters from VDI Heat Atlas D3.1 Tab. 8 p. 425;;;;;Evaporation enthalpy parameters from VDI Heat Atlas D3.1 Tab. 4 S. 385;;;;;Liquid Specific heat capacity parameters from VDI Heat Atlas D3.1 Tab. 5 S. 395;;;;;;Critical values T in K, p in bara, rho in kg/m^3;;;Vapor pressure parameters from VDI Heat Atlas D3.1 Tab. 3 on p. 375;;;;Coefficients for calcutlation of 0,2% Dehngrenze in N/mm^2 from T in K (valid interval 77,15K - 823,15 K) with polynome of order 3 (A+B*T+Ö) (Source: WIAM online database, mechanisch-technologische Eigenschaften);;;;;Coefficients for Elastizit‰tsmodul in kN/mm^2 from T in K (valid interval 173,15 - 1273,15 K) with polynom of order 1 (straight line A+B*T) (Source: WIAM online database, physikalische Eigenschaften (Source SEW 310:1992-08);;Coefficients for Linearer Ausdehnungskoeffizient bzgl. 293,15K in 10^-6/K from T in K (valid interval 173,15 - 1273,15 K) with polynom of order 1 (straight line A+B*T) (Source: WIAM online database, physikalische Eigenschaften (Source SEW 310:1992-08);;Coefficients for Differentieller Temperaturkoeffizient der L‰nge in 10^-6/K from T in K (valid interval 173,15 - 1273,15 K) with polynom of order 1 (straight line A+B*T) (Source: WIAM online database, physikalische Eigenschaften (Source SEW 310:1992-08);;Coefficients for thermal conductivity in W/(m*K) from T in K (valid interval 293,15 - 1073,15 K) with polynom of order 1 (straight line A+B*T) (Source: WIAM online database, physikalische Eigenschaften (Source SEW 310:1992-08);;Coefficients for specific electrical resistance in 10^-6*Ohm*m from T in K (valid interval 293,15 - 1073,15 K) with polynom of order 1 (straight line A+B*T) (Source: WIAM online database, physikalische Eigenschaften (Source SEW 310:1992-08);;Coefficients for actual specific heat capacity in 10^3 J/(kg*K) from T in K (valid interval 173,15 - 1273,15 K) with polynome of order 3 (A+B*T+Ö) (Source: WIAM online database, physikalische Eigenschaften (Source SEW 310:1992-08);;;;Diffusion volumes for calculation of diffusivity (species 1 - 5 values are tabulated values) (Acc. To Reid - The Properties of Gases and Liquids?);Number of respective atoms in the molecule for calculation of molar weight and diffusivity volume of non-tabulated materials;;;;;;;;Stoﬂquerschnitt nach Atkins Physikalische Chemie 2022 S. 1128;Porosity acc. GKN Porous Axial p.4+5;alpha acc. GKN Porous Axial p. 4+5 / Psi_v acc. DIN EN ISO 4022;beta acc. GKN Porous Axial p. 4+5 / Psi_i acc. DIN EN ISO 4022;d_min acc. GKN Porous Axial p. 4+5;d_mean acc. GKN Porous Axial p. 4+5;d_max acc. GKN Porous Axial p. 4+5;d_eq acc. GKN Porous Axial p. 4+5;Henry's Constant parameters for Gases and Light Hydrocarbons in n-Paraffins, valid Interval regarding T and n varies but is valid for T = 423Ö528K and n=30 (Source: 10.1016/S0378-3812(97)00166-0);;;;;;Molar density at boiling point to calculate Diffusion coefficient in liquid (https://webbook.nist.gov/chemistry/fluid/)
;kg/mol;A;B;C;D;E;F;G;A*10^3;B*10^3;C*10^6;D*10^9;E*10^12;A*10^5;B*10^7;C*10^10;D*10^12;E*10^15;A;B;C;D;E;A;B;C;D;E;F;T;p;rho;A;B;C;D;A;B;C;D;E;A;B;A;B;A;B;A;B;A;B;A;B;C;D;10^6 m^3/mol;C;H;O;N;S;Fe;Cr;Ni;nm^2;-;10^-12 m^2;10^-7 m^2;µm;µm;µm;µm;A;B;C;D;E;DeltaH;mol/m^3
H2;0.002;392.8422;2.4906;-3.6262;-1.9624;35.6197;-81.3691;62.6668;0.651;0.7673;-0.68705;0.50651;-0.13854;0.18024;0.27174;-0.13395;0.00585;-0.00104;0;0;0;0;0;0;0;0;0;0;0;33.19;13.15;30;0;0;0;0;0;0;0;0;0;0;0;0;0;0;0;0;0;0;0;0;0;0;0;6.12;0;2;0;0;0;0;0;0;0.27;0;0;0;0;0;0;0;12.93530000000;22.90580000000;-0.97470900000;-0.00000120408;2244.61000000000;0.02009590000;35146
CO;0.028;407.9796;3.5028;2.8524;-2.3018;32.9055;-100.1815;106.1141;-0.783;0.10317;-0.06759;0.03945;-0.00947;0.01384;0.74306;-0.62996;0.03948;-0.01032;0;0;0;0;0;0;0;0;0;0;0;132.86;34.98;304;0;0;0;0;0;0;0;0;0;0;0;0;0;0;0;0;0;0;0;0;0;0;0;18;1;0;1;0;0;0;0;0;0;0;0;0;0;0;0;0;5.79833000000;19.59370000000;0.15219900000;-0.00000189733;2031.63000000000;0.01732380000;28318
N2;0.028;432.2027;3.516;2.8021;-4.1924;42.0153;-114.25;111.1019;-0.133;0.10149;-0.06065;0.03361;-0.0071;-0.0102;0.74785;-0.59037;0.0323;-0.00673;0;0;0;0;0;0;0;0;0;0;0;126.19;33.96;313;0;0;0;0;0;0;0;0;0;0;0;0;0;0;0;0;0;0;0;0;0;0;0;18.5;0;0;0;2;0;0;0;0;0.43;0;0;0;0;0;0;0;;;;;;;
CO2;0.044;514.5073;3.4923;-0.9306;-6.0861;54.1586;-97.5157;70.9687;-3.882;0.05283;0.07146;-0.07031;0.01809;-0.18024;0.65989;-0.37108;0.01586;-0.003;0;0;0;0;0;0;0;0;0;0;0;304.13;73.77;468;0;0;0;0;0;0;0;0;0;0;0;0;0;0;0;0;0;0;0;0;0;0;0;26.9;1;0;2;0;0;0;0;0;0.52;0;0;0;0;0;0;0;;;;;;;
H2O;0.018;706.3032;5.1703;-6.0865;-6.6011;36.2723;-63.0965;46.2085;13.918;-0.04699;0.258066;-0.183149;0.055092;0.64966;-0.15102;1.15935;-0.1008;0.031;6.85307;7.43804;-2.937595;-3.282093;8.397378;0.2399;12.8647;-33.6392;104.7686;-155.4709;92.3726;647.1;220.64;322;-7.86975;1.90561;-2.30891;-2.06472;0;0;0;0;0;0;0;0;0;0;0;0;0;0;0;0;0;0;0;13.1;0;2;1;0;0;0;0;0;0;0;0;0;0;0;0;0;;;;;;;
CH3OH;0.032;846.6321;5.7309;-4.8842;-12.8501;78.9997;-127.3725;82.7107;2.362;0.00541;0.13151;0;0;-0.15159;0.3927;-0.06541;0;0;5.87513;13.91543;-5.81788;-5.692542;6.867206;0.5687;14.11;-11.9505;-23.4782;57.5551;-25.6027;513.38;82.16;282;-8.72963;1.4586;-2.78449;-0.70669;0;0;0;0;0;0;0;0;0;0;0;0;0;0;0;0;0;0;0;31.25;1;4;1;0;0;0;0;0;0;0;0;0;0;0;0;0;;;;;;;
CH4;0.016;1530.8043;4.2038;-16.615;-3.5668;43.0563;-86.5507;65.5986;8.154;0.00811;0.35153;-0.33865;0.14092;-0.07759;0.50484;-0.43101;0.03118;-0.00981;4.99314;5.01992;-2.261379;-2.477646;4.425783;0.4708;5.7207;-0.6552;-0.453;5.0199;-5.0556;190.56;45.99;163;-6.02388;1.26813;-0.56948;-1.37648;0;0;0;0;0;0;0;0;0;0;0;0;0;0;0;0;0;0;0;25.14;1;4;0;0;0;0;0;0;0.46;0;0;0;0;0;0;0;;;;;;;
C2H6;0.030;903.4113;4.4815;11.6905;8.4792;-77.0215;122.9766;-74.06;-0.907;0.00892;0.26738;-0.16556;0.04833;-0.04537;0.35537;-0.09658;0;0;5.22295;7.28006;-4.737913;-0.58983;2.231339;0.4281;10.4584;-18.1757;51.6811;-75.832;44.469;305.32;48.72;206;-6.46252;1.3576;-1.04922;-2.03789;0;0;0;0;0;0;0;0;0;0;0;0;0;0;0;0;0;0;0;45.66;2;6;0;0;0;0;0;0;0;0;0;0;0;0;0;0;;;;;;;
C3H8;0.044;1089.3798;4.7246;-1.1767;3.7776;129.3687;-281.4223;216.9425;-6.656;0.0528;0.10181;0;0;0.07353;0.20874;0.24208;-0.03914;0.01784;5.52801;7.88661;-5.323736;0.088186;2.147194;0.5219;13.0156;-3.9111;-21.2164;49.1038;-30.2438;369.82;42.48;221;-6.7148;1.38388;-1.30695;-2.56827;0;0;0;0;0;0;0;0;0;0;0;0;0;0;0;0;0;0;0;66.18;3;8;0;0;0;0;0;0;0;0;0;0;0;0;0;0;;;;;;;
C4H10;0.058;668.6492;8.9081;14.2467;41.0466;-258.183;411.8238;-258.688;-9.954;0.06133;0.08871;0;0;0.02688;0.2513;-0.02326;0;0;5.90836;7.81092;-4.959362;-0.194761;3.830824;0.4943;19.1915;-11.59;-13.3471;38.1134;-18.8852;425.13;37.96;228;-7.08562;1.79335;-2.00003;-2.31975;0;0;0;0;0;0;0;0;0;0;0;0;0;0;0;0;0;0;0;86.7;4;10;0;0;0;0;0;0;0;0;0;0;0;0;0;0;;;;;;;
C5H12;0.072;789.3078;10.6168;0.9888;-24.2821;191.4972;-315.5929;203.9787;-3.267;0.03185;0.09904;0;0;-0.01656;0.24855;-0.03565;0;0;5.75681;9.95286;-6.871727;0.521979;4.474608;0.4935;25.3941;-18.4831;-8.8055;27.9787;-5.5481;469.66;33.69;235;-7.36401;1.94358;-2.47191;-2.34757;0;0;0;0;0;0;0;0;0;0;0;0;0;0;0;0;0;0;0;107.22;5;12;0;0;0;0;0;0;0;0;0;0;0;0;0;0;;;;;;;
C6H14;0.086;752.9844;13.4279;1.5402;-29.6772;208.3733;-342.0902;217.4263;-3.277;0.02707;0.0965;0;0;-0.0745;0.25522;-0.04815;0;0;5.82255;11.20578;-8.077144;1.351285;3.455363;0.5687;29.2523;-5.227;-66.7829;110.646;-52.829;507.79;30.42;223;-7.61075;2.00527;-2.74158;-2.82824;0;0;0;0;0;0;0;0;0;0;0;0;0;0;0;0;0;0;0;127.74;6;14;0;0;0;0;0;0;0;0;0;0;0;0;0;0;;;;;;;
C7H16;0.100;785.909;14.6277;-1.8476;-21.5324;168.6597;-283.0262;181.4694;-5.442;0.03269;0.08802;0;0;-0.05425;0.22117;-0.02853;0;0;3.33801;21.88936;-18.680507;5.467222;2.994395;0.6767;34.8802;-9.4333;-51.0547;57.7955;-1.9863;541.23;27.74;225;-7.75469;1.84795;-2.80333;-3.62418;0;0;0;0;0;0;0;0;0;0;0;0;0;0;0;0;0;0;0;148.26;7;16;0;0;0;0;0;0;0;0;0;0;0;0;0;0;;;;;;;
C8H18;0.114;662.4091;20.7046;4.6878;-40.7644;232.4401;-359.1133;215.4126;-2.456;0.01982;0.09339;0;0;-0.05272;0.19657;-0.01009;0;0;4.48143;19.69699;-16.729253;5.297036;4.040976;0.6399;42.0897;-21.4435;-14.6527;-19.5539;54.7506;569.57;25.07;228;-8.01133;1.98859;-3.26507;-3.99439;0;0;0;0;0;0;0;0;0;0;0;0;0;0;0;0;0;0;0;168.78;8;18;0;0;0;0;0;0;0;0;0;0;0;0;0;0;;;;;;;
C9H20;0.128;828.9112;18.2983;-7.0327;-19.5401;163.6825;-294.9747;195.6096;-2.317;0.01717;0.09097;0;0;-0.11361;0.20732;-0.01914;0;0;6.04659;15.52925;-12.556768;4.153161;5.008624;0.52876;50.2959;-37.7839;31.5903;-103.5592;105.4389;594.55;22.82;234;-8.45145;2.5785;-4.17533;-3.66755;0;0;0;0;0;0;0;0;0;0;0;0;0;0;0;0;0;0;0;189.3;9;20;0;0;0;0;0;0;0;0;0;0;0;0;0;0;;;;;;;
C10H22;0.142;807.8718;20.1071;-3.9883;-22.5527;184.3994;-327.2729;214.1176;-1.409;0.00916;0.09514;0;0;-0.07177;0.18465;-0.0045;0;0;4.95196;20.6205;-17.243223;5.887415;4.332104;0.5805;55.8884;-34.0842;6.4319;-67.7489;81.0979;617.7;21.01;234;-8.62717;2.5589;-4.50221;-3.6342;0;0;0;0;0;0;0;0;0;0;0;0;0;0;0;0;0;0;0;209.82;10;22;0;0;0;0;0;0;0;0;0;0;0;0;0;0;;;;;;;
C11H24;0.156;527.8639;45.4181;14.2637;-55.4188;248.2431;-370.4082;213.9896;-6.24;0.02334;0.08107;0;0;-0.09673;0.18199;-0.00624;0;0;7.78079;10.07916;-4.141098;-1.829586;18.468668;0;63.841;-41.341;0;0;0;639.05;19.5;237;-8.73044;2.35716;-4.52576;-4.46648;0;0;0;0;0;0;0;0;0;0;0;0;0;0;0;0;0;0;0;230.34;11;24;0;0;0;0;0;0;0;0;0;0;0;0;0;0;;;;;;;
C12H26;0.170;844.185;21.6766;2.1683;-25.2676;244.7925;-447.8236;295.3902;-7.217;0.02662;0.07379;0;0;-0.11853;0.18014;-0.00876;0;0;7.96676;8.96561;-2.426306;-1.278554;16.571637;0.4831;71.9423;-57.322;54.8202;-156.5306;146.1074;658.1;18.18;238;-8.97902;2.4053;-4.55315;-5.99492;0;0;0;0;0;0;0;0;0;0;0;0;0;0;0;0;0;0;0;250.86;12;26;0;0;0;0;0;0;0;0;0;0;0;0;0;0;;;;;;;
C13H28;0.184;474.4332;59.5849;22.6875;-66.2783;286.5523;-426.4025;241.9263;-7.043;0.02492;0.07168;0;0;-0.10665;0.16513;-0.00257;0;0;7.10363;14.69528;-8.501852;2.345396;-3.139495;1.054;74.7978;-31.5528;-117.6551;208.0928;-98.0633;675.05;16.8;238;-8.71245;1.11086;-3.15308;-8.81599;0;0;0;0;0;0;0;0;0;0;0;0;0;0;0;0;0;0;0;271.38;13;28;0;0;0;0;0;0;0;0;0;0;0;0;0;0;;;;;;;
C14H30;0.198;544.0586;42.6709;4.2513;-40.5758;203.7442;-317.2459;194.1666;-1.684;0.00992;0.07794;0;0;-0.10594;0.15831;-0.00071;0;0;7.96599;7.28007;4.698876;-9.566327;41.04442;0;86.1144;-59.3516;0;0;0;693.05;15.7;239;-8.99672;1.98553;-5.38986;-4.09226;0;0;0;0;0;0;0;0;0;0;0;0;0;0;0;0;0;0;0;291.9;14;30;0;0;0;0;0;0;0;0;0;0;0;0;0;0;;;;;;;
C15H32;0.212;499.0399;65.1836;8.3493;-48.4514;218.6957;-332.805;192.8519;-6.608;0.0215;0.0682;0;0;-0.11473;0.15678;-0.0015;0;0;10.21651;9.06799;-4.682578;-0.826136;38.409983;0;93.3129;-64.1464;0;0;0;708.05;14.8;239;-8.86498;0.89612;-3.70098;-8.72916;0;0;0;0;0;0;0;0;0;0;0;0;0;0;0;0;0;0;0;312.42;15;32;0;0;0;0;0;0;0;0;0;0;0;0;0;0;;;;;;;
C16H34;0.226;668.1744;18.2523;2.5022;-4.1518;177.7261;-329.3481;256.6324;-6.286;0.01898;0.06793;0;0;-0.13795;0.16148;-0.00748;0;0;11.99309;8.12193;-8.228896;5.197405;26.068465;0;100.7177;-70.0879;0;0;0;723.05;14;240;-8.96067;0.85195;-4.0408;-8.42218;0;0;0;0;0;0;0;0;0;0;0;0;0;0;0;0;0;0;0;332.94;16;34;0;0;0;0;0;0;0;0;0;0;0;0;0;0;;;;;;;
C17H36;0.240;578.0195;45.7412;5.8301;-39.9872;215.2157;-341.8782;213.0248;1.219;-0.0065;0.08176;0;0;-0.12993;0.15482;-0.00366;0;0;15.94792;2.03335;-8.589551;11.148766;7.32238;0;107.7204;-74.6158;0;0;0;736.05;13.4;241;-9.43782;1.65057;-5.70751;-4.71679;0;0;0;0;0;0;0;0;0;0;0;0;0;0;0;0;0;0;0;353.46;17;36;0;0;0;0;0;0;0;0;0;0;0;0;0;0;;;;;;;
C18H38;0.254;536.1229;55.907;9.8791;-44.9358;222.4113;-345.4429;210.0998;1.394;-0.00712;0.07967;0;0;-0.12837;0.15164;-0.00385;0;0;9.51541;13.40476;-6.317356;-2.039126;29.956901;0;114.5685;-79.3947;0;0;0;747.05;12.7;240;-9.87775;2.42883;-7.03772;-3.36978;0;0;0;0;0;0;0;0;0;0;0;0;0;0;0;0;0;0;0;373.98;18;38;0;0;0;0;0;0;0;0;0;0;0;0;0;0;;;;;;;
C19H40;0.269;582.1373;49.4869;10.0892;-42.4034;230.8885;-366.4691;228.9834;-1.657;0.00027;0.07287;0;0;-0.12631;0.14796;-0.00355;0;0;10.54728;11.87652;-5.153424;-3.744106;87.493331;0;122.6402;-86.1313;0;0;0;758.05;12.1;240;-9.91003;1.64273;-5.20678;-10.43208;0;0;0;0;0;0;0;0;0;0;0;0;0;0;0;0;0;0;0;394.5;19;40;0;0;0;0;0;0;0;0;0;0;0;0;0;0;;;;;;;
C20H42;0.283;566.8372;54.1062;12.4032;-44.8725;237.4861;-374.5789;232.4371;1.519;-0.00772;0.07588;0;0;-0.12507;0.14488;-0.00364;0;0;12.81896;4.66635;-0.617286;2.5951;-5.39659;0;129.9485;-92.5652;0;0;0;769.63;11.28;234;-8.99815;-1.3023;-1.45511;-16.74038;0;0;0;0;0;0;0;0;0;0;0;0;0;0;0;0;0;0;0;415.02;20;42;0;0;0;0;0;0;0;0;0;0;0;0;0;0;;;;;;;
C21H44;0.297;0;0;0;0;0;0;0;0;0;0;0;0;0;0;0;0;0;0;0;0;0;0;0;0;0;0;0;0;0;0;0;0;0;0;0;0;0;0;0;0;0;0;0;0;0;0;0;0;0;0;0;0;0;0;435.54;21;44;0;0;0;0;0;0;0;0;0;0;0;0;0;0;;;;;;;
C22H46;0.311;0;0;0;0;0;0;0;0;0;0;0;0;0;0;0;0;0;0;0;0;0;0;0;0;0;0;0;0;0;0;0;0;0;0;0;0;0;0;0;0;0;0;0;0;0;0;0;0;0;0;0;0;0;0;456.06;22;46;0;0;0;0;0;0;0;0;0;0;0;0;0;0;;;;;;;
C23H48;0.325;0;0;0;0;0;0;0;0;0;0;0;0;0;0;0;0;0;0;0;0;0;0;0;0;0;0;0;0;0;0;0;0;0;0;0;0;0;0;0;0;0;0;0;0;0;0;0;0;0;0;0;0;0;0;476.58;23;48;0;0;0;0;0;0;0;0;0;0;0;0;0;0;;;;;;;
C24H50;0.339;0;0;0;0;0;0;0;0;0;0;0;0;0;0;0;0;0;0;0;0;0;0;0;0;0;0;0;0;0;0;0;0;0;0;0;0;0;0;0;0;0;0;0;0;0;0;0;0;0;0;0;0;0;0;497.1;24;50;0;0;0;0;0;0;0;0;0;0;0;0;0;0;;;;;;;
C25H52;0.353;0;0;0;0;0;0;0;0;0;0;0;0;0;0;0;0;0;0;0;0;0;0;0;0;0;0;0;0;0;0;0;0;0;0;0;0;0;0;0;0;0;0;0;0;0;0;0;0;0;0;0;0;0;0;517.62;25;52;0;0;0;0;0;0;0;0;0;0;0;0;0;0;;;;;;;
C26H54;0.367;0;0;0;0;0;0;0;0;0;0;0;0;0;0;0;0;0;0;0;0;0;0;0;0;0;0;0;0;0;0;0;0;0;0;0;0;0;0;0;0;0;0;0;0;0;0;0;0;0;0;0;0;0;0;538.14;26;54;0;0;0;0;0;0;0;0;0;0;0;0;0;0;;;;;;;
C27H56;0.381;0;0;0;0;0;0;0;0;0;0;0;0;0;0;0;0;0;0;0;0;0;0;0;0;0;0;0;0;0;0;0;0;0;0;0;0;0;0;0;0;0;0;0;0;0;0;0;0;0;0;0;0;0;0;558.66;27;56;0;0;0;0;0;0;0;0;0;0;0;0;0;0;;;;;;;
C28H58;0.395;0;0;0;0;0;0;0;0;0;0;0;0;0;0;0;0;0;0;0;0;0;0;0;0;0;0;0;0;0;0;0;0;0;0;0;0;0;0;0;0;0;0;0;0;0;0;0;0;0;0;0;0;0;0;579.18;28;58;0;0;0;0;0;0;0;0;0;0;0;0;0;0;;;;;;;
C29H60;0.409;0;0;0;0;0;0;0;0;0;0;0;0;0;0;0;0;0;0;0;0;0;0;0;0;0;0;0;0;0;0;0;0;0;0;0;0;0;0;0;0;0;0;0;0;0;0;0;0;0;0;0;0;0;0;599.7;29;60;0;0;0;0;0;0;0;0;0;0;0;0;0;0;;;;;;;
C30H62;0.423;0;0;0;0;0;0;0;0;0;0;0;0;0;0;0;0;0;0;0;0;0;0;0;0;0;0;0;0;0;0;0;0;0;0;0;0;0;0;0;0;0;0;0;0;0;0;0;0;0;0;0;0;0;0;620.22;30;62;0;0;0;0;0;0;0;0;0;0;0;0;0;0;;;;;;;
C31H64;0.437;0;0;0;0;0;0;0;0;0;0;0;0;0;0;0;0;0;0;0;0;0;0;0;0;0;0;0;0;0;0;0;0;0;0;0;0;0;0;0;0;0;0;0;0;0;0;0;0;0;0;0;0;0;0;640.74;31;64;0;0;0;0;0;0;0;0;0;0;0;0;0;0;;;;;;;
C32H66;0.451;0;0;0;0;0;0;0;0;0;0;0;0;0;0;0;0;0;0;0;0;0;0;0;0;0;0;0;0;0;0;0;0;0;0;0;0;0;0;0;0;0;0;0;0;0;0;0;0;0;0;0;0;0;0;661.26;32;66;0;0;0;0;0;0;0;0;0;0;0;0;0;0;;;;;;;
C33H68;0.465;0;0;0;0;0;0;0;0;0;0;0;0;0;0;0;0;0;0;0;0;0;0;0;0;0;0;0;0;0;0;0;0;0;0;0;0;0;0;0;0;0;0;0;0;0;0;0;0;0;0;0;0;0;0;681.78;33;68;0;0;0;0;0;0;0;0;0;0;0;0;0;0;;;;;;;
C34H70;0.479;0;0;0;0;0;0;0;0;0;0;0;0;0;0;0;0;0;0;0;0;0;0;0;0;0;0;0;0;0;0;0;0;0;0;0;0;0;0;0;0;0;0;0;0;0;0;0;0;0;0;0;0;0;0;702.3;34;70;0;0;0;0;0;0;0;0;0;0;0;0;0;0;;;;;;;
C35H72;0.493;0;0;0;0;0;0;0;0;0;0;0;0;0;0;0;0;0;0;0;0;0;0;0;0;0;0;0;0;0;0;0;0;0;0;0;0;0;0;0;0;0;0;0;0;0;0;0;0;0;0;0;0;0;0;722.82;35;72;0;0;0;0;0;0;0;0;0;0;0;0;0;0;;;;;;;
C36H74;0.507;0;0;0;0;0;0;0;0;0;0;0;0;0;0;0;0;0;0;0;0;0;0;0;0;0;0;0;0;0;0;0;0;0;0;0;0;0;0;0;0;0;0;0;0;0;0;0;0;0;0;0;0;0;0;743.34;36;74;0;0;0;0;0;0;0;0;0;0;0;0;0;0;;;;;;;
C37H76;0.521;0;0;0;0;0;0;0;0;0;0;0;0;0;0;0;0;0;0;0;0;0;0;0;0;0;0;0;0;0;0;0;0;0;0;0;0;0;0;0;0;0;0;0;0;0;0;0;0;0;0;0;0;0;0;763.86;37;76;0;0;0;0;0;0;0;0;0;0;0;0;0;0;;;;;;;
C38H78;0.535;0;0;0;0;0;0;0;0;0;0;0;0;0;0;0;0;0;0;0;0;0;0;0;0;0;0;0;0;0;0;0;0;0;0;0;0;0;0;0;0;0;0;0;0;0;0;0;0;0;0;0;0;0;0;784.38;38;78;0;0;0;0;0;0;0;0;0;0;0;0;0;0;;;;;;;
C39H80;0.549;0;0;0;0;0;0;0;0;0;0;0;0;0;0;0;0;0;0;0;0;0;0;0;0;0;0;0;0;0;0;0;0;0;0;0;0;0;0;0;0;0;0;0;0;0;0;0;0;0;0;0;0;0;0;804.9;39;80;0;0;0;0;0;0;0;0;0;0;0;0;0;0;;;;;;;
C40H82;0.563;0;0;0;0;0;0;0;0;0;0;0;0;0;0;0;0;0;0;0;0;0;0;0;0;0;0;0;0;0;0;0;0;0;0;0;0;0;0;0;0;0;0;0;0;0;0;0;0;0;0;0;0;0;0;825.42;40;82;0;0;0;0;0;0;0;0;0;0;0;0;0;0;;;;;;;
C41H84;0.577;0;0;0;0;0;0;0;0;0;0;0;0;0;0;0;0;0;0;0;0;0;0;0;0;0;0;0;0;0;0;0;0;0;0;0;0;0;0;0;0;0;0;0;0;0;0;0;0;0;0;0;0;0;0;845.94;41;84;0;0;0;0;0;0;0;0;0;0;0;0;0;0;;;;;;;
C42H86;0.591;0;0;0;0;0;0;0;0;0;0;0;0;0;0;0;0;0;0;0;0;0;0;0;0;0;0;0;0;0;0;0;0;0;0;0;0;0;0;0;0;0;0;0;0;0;0;0;0;0;0;0;0;0;0;866.46;42;86;0;0;0;0;0;0;0;0;0;0;0;0;0;0;;;;;;;
C43H88;0.605;0;0;0;0;0;0;0;0;0;0;0;0;0;0;0;0;0;0;0;0;0;0;0;0;0;0;0;0;0;0;0;0;0;0;0;0;0;0;0;0;0;0;0;0;0;0;0;0;0;0;0;0;0;0;886.98;43;88;0;0;0;0;0;0;0;0;0;0;0;0;0;0;;;;;;;
C44H90;0.619;0;0;0;0;0;0;0;0;0;0;0;0;0;0;0;0;0;0;0;0;0;0;0;0;0;0;0;0;0;0;0;0;0;0;0;0;0;0;0;0;0;0;0;0;0;0;0;0;0;0;0;0;0;0;907.5;44;90;0;0;0;0;0;0;0;0;0;0;0;0;0;0;;;;;;;
C45H92;0.633;0;0;0;0;0;0;0;0;0;0;0;0;0;0;0;0;0;0;0;0;0;0;0;0;0;0;0;0;0;0;0;0;0;0;0;0;0;0;0;0;0;0;0;0;0;0;0;0;0;0;0;0;0;0;928.02;45;92;0;0;0;0;0;0;0;0;0;0;0;0;0;0;;;;;;;
C46H94;0.647;0;0;0;0;0;0;0;0;0;0;0;0;0;0;0;0;0;0;0;0;0;0;0;0;0;0;0;0;0;0;0;0;0;0;0;0;0;0;0;0;0;0;0;0;0;0;0;0;0;0;0;0;0;0;948.54;46;94;0;0;0;0;0;0;0;0;0;0;0;0;0;0;;;;;;;
C47H96;0.661;0;0;0;0;0;0;0;0;0;0;0;0;0;0;0;0;0;0;0;0;0;0;0;0;0;0;0;0;0;0;0;0;0;0;0;0;0;0;0;0;0;0;0;0;0;0;0;0;0;0;0;0;0;0;969.06;47;96;0;0;0;0;0;0;0;0;0;0;0;0;0;0;;;;;;;
C48H98;0.675;0;0;0;0;0;0;0;0;0;0;0;0;0;0;0;0;0;0;0;0;0;0;0;0;0;0;0;0;0;0;0;0;0;0;0;0;0;0;0;0;0;0;0;0;0;0;0;0;0;0;0;0;0;0;989.58;48;98;0;0;0;0;0;0;0;0;0;0;0;0;0;0;;;;;;;
C49H100;0.689;0;0;0;0;0;0;0;0;0;0;0;0;0;0;0;0;0;0;0;0;0;0;0;0;0;0;0;0;0;0;0;0;0;0;0;0;0;0;0;0;0;0;0;0;0;0;0;0;0;0;0;0;0;0;1010.1;49;100;0;0;0;0;0;0;0;0;0;0;0;0;0;0;;;;;;;
C50H102;0.703;0;0;0;0;0;0;0;0;0;0;0;0;0;0;0;0;0;0;0;0;0;0;0;0;0;0;0;0;0;0;0;0;0;0;0;0;0;0;0;0;0;0;0;0;0;0;0;0;0;0;0;0;0;0;1030.62;50;102;0;0;0;0;0;0;0;0;0;0;0;0;0;0;;;;;;;
C2H4;0.028;0;0;0;0;0;0;0;0;0;0;0;0;0;0;0;0;0;0;0;0;0;0;0;0;0;0;0;0;0;0;0;0;0;0;0;0;0;0;0;0;0;0;0;0;0;0;0;0;0;0;0;0;0;0;41.04;2;4;0;0;0;0;0;0;0.64;0;0;0;0;0;0;0;;;;;;;
C3H6;0.042;0;0;0;0;0;0;0;0;0;0;0;0;0;0;0;0;0;0;0;0;0;0;0;0;0;0;0;0;0;0;0;0;0;0;0;0;0;0;0;0;0;0;0;0;0;0;0;0;0;0;0;0;0;0;61.56;3;6;0;0;0;0;0;0;0;0;0;0;0;0;0;0;;;;;;;
C4H8;0.056;0;0;0;0;0;0;0;0;0;0;0;0;0;0;0;0;0;0;0;0;0;0;0;0;0;0;0;0;0;0;0;0;0;0;0;0;0;0;0;0;0;0;0;0;0;0;0;0;0;0;0;0;0;0;82.08;4;8;0;0;0;0;0;0;0;0;0;0;0;0;0;0;;;;;;;
C5H10;0.070;0;0;0;0;0;0;0;0;0;0;0;0;0;0;0;0;0;0;0;0;0;0;0;0;0;0;0;0;0;0;0;0;0;0;0;0;0;0;0;0;0;0;0;0;0;0;0;0;0;0;0;0;0;0;102.6;5;10;0;0;0;0;0;0;0;0;0;0;0;0;0;0;;;;;;;
C6H12;0.084;0;0;0;0;0;0;0;0;0;0;0;0;0;0;0;0;0;0;0;0;0;0;0;0;0;0;0;0;0;0;0;0;0;0;0;0;0;0;0;0;0;0;0;0;0;0;0;0;0;0;0;0;0;0;123.12;6;12;0;0;0;0;0;0;0;0;0;0;0;0;0;0;;;;;;;
C7H14;0.098;0;0;0;0;0;0;0;0;0;0;0;0;0;0;0;0;0;0;0;0;0;0;0;0;0;0;0;0;0;0;0;0;0;0;0;0;0;0;0;0;0;0;0;0;0;0;0;0;0;0;0;0;0;0;143.64;7;14;0;0;0;0;0;0;0;0;0;0;0;0;0;0;;;;;;;
C8H16;0.112;0;0;0;0;0;0;0;0;0;0;0;0;0;0;0;0;0;0;0;0;0;0;0;0;0;0;0;0;0;0;0;0;0;0;0;0;0;0;0;0;0;0;0;0;0;0;0;0;0;0;0;0;0;0;164.16;8;16;0;0;0;0;0;0;0;0;0;0;0;0;0;0;;;;;;;
C9H18;0.126;0;0;0;0;0;0;0;0;0;0;0;0;0;0;0;0;0;0;0;0;0;0;0;0;0;0;0;0;0;0;0;0;0;0;0;0;0;0;0;0;0;0;0;0;0;0;0;0;0;0;0;0;0;0;184.68;9;18;0;0;0;0;0;0;0;0;0;0;0;0;0;0;;;;;;;
C10H20;0.140;0;0;0;0;0;0;0;0;0;0;0;0;0;0;0;0;0;0;0;0;0;0;0;0;0;0;0;0;0;0;0;0;0;0;0;0;0;0;0;0;0;0;0;0;0;0;0;0;0;0;0;0;0;0;205.2;10;20;0;0;0;0;0;0;0;0;0;0;0;0;0;0;;;;;;;
C11H22;0.154;0;0;0;0;0;0;0;0;0;0;0;0;0;0;0;0;0;0;0;0;0;0;0;0;0;0;0;0;0;0;0;0;0;0;0;0;0;0;0;0;0;0;0;0;0;0;0;0;0;0;0;0;0;0;225.72;11;22;0;0;0;0;0;0;0;0;0;0;0;0;0;0;;;;;;;
C12H24;0.168;0;0;0;0;0;0;0;0;0;0;0;0;0;0;0;0;0;0;0;0;0;0;0;0;0;0;0;0;0;0;0;0;0;0;0;0;0;0;0;0;0;0;0;0;0;0;0;0;0;0;0;0;0;0;246.24;12;24;0;0;0;0;0;0;0;0;0;0;0;0;0;0;;;;;;;
C13H26;0.182;0;0;0;0;0;0;0;0;0;0;0;0;0;0;0;0;0;0;0;0;0;0;0;0;0;0;0;0;0;0;0;0;0;0;0;0;0;0;0;0;0;0;0;0;0;0;0;0;0;0;0;0;0;0;266.76;13;26;0;0;0;0;0;0;0;0;0;0;0;0;0;0;;;;;;;
C14H28;0.196;0;0;0;0;0;0;0;0;0;0;0;0;0;0;0;0;0;0;0;0;0;0;0;0;0;0;0;0;0;0;0;0;0;0;0;0;0;0;0;0;0;0;0;0;0;0;0;0;0;0;0;0;0;0;287.28;14;28;0;0;0;0;0;0;0;0;0;0;0;0;0;0;;;;;;;
C15H30;0.210;0;0;0;0;0;0;0;0;0;0;0;0;0;0;0;0;0;0;0;0;0;0;0;0;0;0;0;0;0;0;0;0;0;0;0;0;0;0;0;0;0;0;0;0;0;0;0;0;0;0;0;0;0;0;307.8;15;30;0;0;0;0;0;0;0;0;0;0;0;0;0;0;;;;;;;
C16H32;0.224;0;0;0;0;0;0;0;0;0;0;0;0;0;0;0;0;0;0;0;0;0;0;0;0;0;0;0;0;0;0;0;0;0;0;0;0;0;0;0;0;0;0;0;0;0;0;0;0;0;0;0;0;0;0;328.32;16;32;0;0;0;0;0;0;0;0;0;0;0;0;0;0;;;;;;;
C17H34;0.238;0;0;0;0;0;0;0;0;0;0;0;0;0;0;0;0;0;0;0;0;0;0;0;0;0;0;0;0;0;0;0;0;0;0;0;0;0;0;0;0;0;0;0;0;0;0;0;0;0;0;0;0;0;0;348.84;17;34;0;0;0;0;0;0;0;0;0;0;0;0;0;0;;;;;;;
C18H36;0.252;0;0;0;0;0;0;0;0;0;0;0;0;0;0;0;0;0;0;0;0;0;0;0;0;0;0;0;0;0;0;0;0;0;0;0;0;0;0;0;0;0;0;0;0;0;0;0;0;0;0;0;0;0;0;369.36;18;36;0;0;0;0;0;0;0;0;0;0;0;0;0;0;;;;;;;
C19H38;0.267;0;0;0;0;0;0;0;0;0;0;0;0;0;0;0;0;0;0;0;0;0;0;0;0;0;0;0;0;0;0;0;0;0;0;0;0;0;0;0;0;0;0;0;0;0;0;0;0;0;0;0;0;0;0;389.88;19;38;0;0;0;0;0;0;0;0;0;0;0;0;0;0;;;;;;;
C20H40;0.281;0;0;0;0;0;0;0;0;0;0;0;0;0;0;0;0;0;0;0;0;0;0;0;0;0;0;0;0;0;0;0;0;0;0;0;0;0;0;0;0;0;0;0;0;0;0;0;0;0;0;0;0;0;0;410.4;20;40;0;0;0;0;0;0;0;0;0;0;0;0;0;0;;;;;;;
C21H42;0.295;0;0;0;0;0;0;0;0;0;0;0;0;0;0;0;0;0;0;0;0;0;0;0;0;0;0;0;0;0;0;0;0;0;0;0;0;0;0;0;0;0;0;0;0;0;0;0;0;0;0;0;0;0;0;430.92;21;42;0;0;0;0;0;0;0;0;0;0;0;0;0;0;;;;;;;
C22H44;0.309;0;0;0;0;0;0;0;0;0;0;0;0;0;0;0;0;0;0;0;0;0;0;0;0;0;0;0;0;0;0;0;0;0;0;0;0;0;0;0;0;0;0;0;0;0;0;0;0;0;0;0;0;0;0;451.44;22;44;0;0;0;0;0;0;0;0;0;0;0;0;0;0;;;;;;;
C23H46;0.323;0;0;0;0;0;0;0;0;0;0;0;0;0;0;0;0;0;0;0;0;0;0;0;0;0;0;0;0;0;0;0;0;0;0;0;0;0;0;0;0;0;0;0;0;0;0;0;0;0;0;0;0;0;0;471.96;23;46;0;0;0;0;0;0;0;0;0;0;0;0;0;0;;;;;;;
C24H48;0.337;0;0;0;0;0;0;0;0;0;0;0;0;0;0;0;0;0;0;0;0;0;0;0;0;0;0;0;0;0;0;0;0;0;0;0;0;0;0;0;0;0;0;0;0;0;0;0;0;0;0;0;0;0;0;492.48;24;48;0;0;0;0;0;0;0;0;0;0;0;0;0;0;;;;;;;
C25H50;0.351;0;0;0;0;0;0;0;0;0;0;0;0;0;0;0;0;0;0;0;0;0;0;0;0;0;0;0;0;0;0;0;0;0;0;0;0;0;0;0;0;0;0;0;0;0;0;0;0;0;0;0;0;0;0;513;25;50;0;0;0;0;0;0;0;0;0;0;0;0;0;0;;;;;;;
C26H52;0.365;0;0;0;0;0;0;0;0;0;0;0;0;0;0;0;0;0;0;0;0;0;0;0;0;0;0;0;0;0;0;0;0;0;0;0;0;0;0;0;0;0;0;0;0;0;0;0;0;0;0;0;0;0;0;533.52;26;52;0;0;0;0;0;0;0;0;0;0;0;0;0;0;;;;;;;
C27H54;0.379;0;0;0;0;0;0;0;0;0;0;0;0;0;0;0;0;0;0;0;0;0;0;0;0;0;0;0;0;0;0;0;0;0;0;0;0;0;0;0;0;0;0;0;0;0;0;0;0;0;0;0;0;0;0;554.04;27;54;0;0;0;0;0;0;0;0;0;0;0;0;0;0;;;;;;;
C28H56;0.393;0;0;0;0;0;0;0;0;0;0;0;0;0;0;0;0;0;0;0;0;0;0;0;0;0;0;0;0;0;0;0;0;0;0;0;0;0;0;0;0;0;0;0;0;0;0;0;0;0;0;0;0;0;0;574.56;28;56;0;0;0;0;0;0;0;0;0;0;0;0;0;0;;;;;;;
C29H58;0.407;0;0;0;0;0;0;0;0;0;0;0;0;0;0;0;0;0;0;0;0;0;0;0;0;0;0;0;0;0;0;0;0;0;0;0;0;0;0;0;0;0;0;0;0;0;0;0;0;0;0;0;0;0;0;595.08;29;58;0;0;0;0;0;0;0;0;0;0;0;0;0;0;;;;;;;
C30H60;0.421;0;0;0;0;0;0;0;0;0;0;0;0;0;0;0;0;0;0;0;0;0;0;0;0;0;0;0;0;0;0;0;0;0;0;0;0;0;0;0;0;0;0;0;0;0;0;0;0;0;0;0;0;0;0;615.6;30;60;0;0;0;0;0;0;0;0;0;0;0;0;0;0;;;;;;;
C31H62;0.435;0;0;0;0;0;0;0;0;0;0;0;0;0;0;0;0;0;0;0;0;0;0;0;0;0;0;0;0;0;0;0;0;0;0;0;0;0;0;0;0;0;0;0;0;0;0;0;0;0;0;0;0;0;0;636.12;31;62;0;0;0;0;0;0;0;0;0;0;0;0;0;0;;;;;;;
C32H64;0.449;0;0;0;0;0;0;0;0;0;0;0;0;0;0;0;0;0;0;0;0;0;0;0;0;0;0;0;0;0;0;0;0;0;0;0;0;0;0;0;0;0;0;0;0;0;0;0;0;0;0;0;0;0;0;656.64;32;64;0;0;0;0;0;0;0;0;0;0;0;0;0;0;;;;;;;
C33H66;0.463;0;0;0;0;0;0;0;0;0;0;0;0;0;0;0;0;0;0;0;0;0;0;0;0;0;0;0;0;0;0;0;0;0;0;0;0;0;0;0;0;0;0;0;0;0;0;0;0;0;0;0;0;0;0;677.16;33;66;0;0;0;0;0;0;0;0;0;0;0;0;0;0;;;;;;;
C34H68;0.477;0;0;0;0;0;0;0;0;0;0;0;0;0;0;0;0;0;0;0;0;0;0;0;0;0;0;0;0;0;0;0;0;0;0;0;0;0;0;0;0;0;0;0;0;0;0;0;0;0;0;0;0;0;0;697.68;34;68;0;0;0;0;0;0;0;0;0;0;0;0;0;0;;;;;;;
C35H70;0.491;0;0;0;0;0;0;0;0;0;0;0;0;0;0;0;0;0;0;0;0;0;0;0;0;0;0;0;0;0;0;0;0;0;0;0;0;0;0;0;0;0;0;0;0;0;0;0;0;0;0;0;0;0;0;718.2;35;70;0;0;0;0;0;0;0;0;0;0;0;0;0;0;;;;;;;
C36H72;0.505;0;0;0;0;0;0;0;0;0;0;0;0;0;0;0;0;0;0;0;0;0;0;0;0;0;0;0;0;0;0;0;0;0;0;0;0;0;0;0;0;0;0;0;0;0;0;0;0;0;0;0;0;0;0;738.72;36;72;0;0;0;0;0;0;0;0;0;0;0;0;0;0;;;;;;;
C37H74;0.519;0;0;0;0;0;0;0;0;0;0;0;0;0;0;0;0;0;0;0;0;0;0;0;0;0;0;0;0;0;0;0;0;0;0;0;0;0;0;0;0;0;0;0;0;0;0;0;0;0;0;0;0;0;0;759.24;37;74;0;0;0;0;0;0;0;0;0;0;0;0;0;0;;;;;;;
C38H76;0.533;0;0;0;0;0;0;0;0;0;0;0;0;0;0;0;0;0;0;0;0;0;0;0;0;0;0;0;0;0;0;0;0;0;0;0;0;0;0;0;0;0;0;0;0;0;0;0;0;0;0;0;0;0;0;779.76;38;76;0;0;0;0;0;0;0;0;0;0;0;0;0;0;;;;;;;
C39H78;0.547;0;0;0;0;0;0;0;0;0;0;0;0;0;0;0;0;0;0;0;0;0;0;0;0;0;0;0;0;0;0;0;0;0;0;0;0;0;0;0;0;0;0;0;0;0;0;0;0;0;0;0;0;0;0;800.28;39;78;0;0;0;0;0;0;0;0;0;0;0;0;0;0;;;;;;;
C40H80;0.561;0;0;0;0;0;0;0;0;0;0;0;0;0;0;0;0;0;0;0;0;0;0;0;0;0;0;0;0;0;0;0;0;0;0;0;0;0;0;0;0;0;0;0;0;0;0;0;0;0;0;0;0;0;0;820.8;40;80;0;0;0;0;0;0;0;0;0;0;0;0;0;0;;;;;;;
C41H82;0.575;0;0;0;0;0;0;0;0;0;0;0;0;0;0;0;0;0;0;0;0;0;0;0;0;0;0;0;0;0;0;0;0;0;0;0;0;0;0;0;0;0;0;0;0;0;0;0;0;0;0;0;0;0;0;841.32;41;82;0;0;0;0;0;0;0;0;0;0;0;0;0;0;;;;;;;
C42H84;0.589;0;0;0;0;0;0;0;0;0;0;0;0;0;0;0;0;0;0;0;0;0;0;0;0;0;0;0;0;0;0;0;0;0;0;0;0;0;0;0;0;0;0;0;0;0;0;0;0;0;0;0;0;0;0;861.84;42;84;0;0;0;0;0;0;0;0;0;0;0;0;0;0;;;;;;;
C43H86;0.603;0;0;0;0;0;0;0;0;0;0;0;0;0;0;0;0;0;0;0;0;0;0;0;0;0;0;0;0;0;0;0;0;0;0;0;0;0;0;0;0;0;0;0;0;0;0;0;0;0;0;0;0;0;0;882.36;43;86;0;0;0;0;0;0;0;0;0;0;0;0;0;0;;;;;;;
C44H88;0.617;0;0;0;0;0;0;0;0;0;0;0;0;0;0;0;0;0;0;0;0;0;0;0;0;0;0;0;0;0;0;0;0;0;0;0;0;0;0;0;0;0;0;0;0;0;0;0;0;0;0;0;0;0;0;902.88;44;88;0;0;0;0;0;0;0;0;0;0;0;0;0;0;;;;;;;
C45H90;0.631;0;0;0;0;0;0;0;0;0;0;0;0;0;0;0;0;0;0;0;0;0;0;0;0;0;0;0;0;0;0;0;0;0;0;0;0;0;0;0;0;0;0;0;0;0;0;0;0;0;0;0;0;0;0;923.4;45;90;0;0;0;0;0;0;0;0;0;0;0;0;0;0;;;;;;;
C46H92;0.645;0;0;0;0;0;0;0;0;0;0;0;0;0;0;0;0;0;0;0;0;0;0;0;0;0;0;0;0;0;0;0;0;0;0;0;0;0;0;0;0;0;0;0;0;0;0;0;0;0;0;0;0;0;0;943.92;46;92;0;0;0;0;0;0;0;0;0;0;0;0;0;0;;;;;;;
C47H94;0.659;0;0;0;0;0;0;0;0;0;0;0;0;0;0;0;0;0;0;0;0;0;0;0;0;0;0;0;0;0;0;0;0;0;0;0;0;0;0;0;0;0;0;0;0;0;0;0;0;0;0;0;0;0;0;964.44;47;94;0;0;0;0;0;0;0;0;0;0;0;0;0;0;;;;;;;
C48H96;0.673;0;0;0;0;0;0;0;0;0;0;0;0;0;0;0;0;0;0;0;0;0;0;0;0;0;0;0;0;0;0;0;0;0;0;0;0;0;0;0;0;0;0;0;0;0;0;0;0;0;0;0;0;0;0;984.96;48;96;0;0;0;0;0;0;0;0;0;0;0;0;0;0;;;;;;;
C49H98;0.687;0;0;0;0;0;0;0;0;0;0;0;0;0;0;0;0;0;0;0;0;0;0;0;0;0;0;0;0;0;0;0;0;0;0;0;0;0;0;0;0;0;0;0;0;0;0;0;0;0;0;0;0;0;0;1005.48;49;98;0;0;0;0;0;0;0;0;0;0;0;0;0;0;;;;;;;
C50H100;0.701;0;0;0;0;0;0;0;0;0;0;0;0;0;0;0;0;0;0;0;0;0;0;0;0;0;0;0;0;0;0;0;0;0;0;0;0;0;0;0;0;0;0;0;0;0;0;0;0;0;0;0;0;0;0;1026;50;100;0;0;0;0;0;0;0;0;0;0;0;0;0;0;;;;;;;
i-C4H10;0.058;0;0;0;0;0;0;0;0;0;0;0;0;0;0;0;0;0;0;0;0;0;0;0;0;0;0;0;0;0;0;0;0;0;0;0;0;0;0;0;0;0;0;0;0;0;0;0;0;0;0;0;0;0;0;86.7;4;10;0;0;0;0;0;0;0;0;0;0;0;0;0;0;;;;;;;
i-C5H12;0.072;0;0;0;0;0;0;0;0;0;0;0;0;0;0;0;0;0;0;0;0;0;0;0;0;0;0;0;0;0;0;0;0;0;0;0;0;0;0;0;0;0;0;0;0;0;0;0;0;0;0;0;0;0;0;107.22;5;12;0;0;0;0;0;0;0;0;0;0;0;0;0;0;;;;;;;
i-C6H14;0.086;0;0;0;0;0;0;0;0;0;0;0;0;0;0;0;0;0;0;0;0;0;0;0;0;0;0;0;0;0;0;0;0;0;0;0;0;0;0;0;0;0;0;0;0;0;0;0;0;0;0;0;0;0;0;127.74;6;14;0;0;0;0;0;0;0;0;0;0;0;0;0;0;;;;;;;
i-C7H16;0.100;0;0;0;0;0;0;0;0;0;0;0;0;0;0;0;0;0;0;0;0;0;0;0;0;0;0;0;0;0;0;0;0;0;0;0;0;0;0;0;0;0;0;0;0;0;0;0;0;0;0;0;0;0;0;148.26;7;16;0;0;0;0;0;0;0;0;0;0;0;0;0;0;;;;;;;
i-C8H18;0.114;0;0;0;0;0;0;0;0;0;0;0;0;0;0;0;0;0;0;0;0;0;0;0;0;0;0;0;0;0;0;0;0;0;0;0;0;0;0;0;0;0;0;0;0;0;0;0;0;0;0;0;0;0;0;168.78;8;18;0;0;0;0;0;0;0;0;0;0;0;0;0;0;;;;;;;
i-C9H20;0.128;0;0;0;0;0;0;0;0;0;0;0;0;0;0;0;0;0;0;0;0;0;0;0;0;0;0;0;0;0;0;0;0;0;0;0;0;0;0;0;0;0;0;0;0;0;0;0;0;0;0;0;0;0;0;189.3;9;20;0;0;0;0;0;0;0;0;0;0;0;0;0;0;;;;;;;
i-C10H22;0.142;0;0;0;0;0;0;0;0;0;0;0;0;0;0;0;0;0;0;0;0;0;0;0;0;0;0;0;0;0;0;0;0;0;0;0;0;0;0;0;0;0;0;0;0;0;0;0;0;0;0;0;0;0;0;209.82;10;22;0;0;0;0;0;0;0;0;0;0;0;0;0;0;;;;;;;
i-C11H24;0.156;0;0;0;0;0;0;0;0;0;0;0;0;0;0;0;0;0;0;0;0;0;0;0;0;0;0;0;0;0;0;0;0;0;0;0;0;0;0;0;0;0;0;0;0;0;0;0;0;0;0;0;0;0;0;230.34;11;24;0;0;0;0;0;0;0;0;0;0;0;0;0;0;;;;;;;
i-C12H26;0.170;0;0;0;0;0;0;0;0;0;0;0;0;0;0;0;0;0;0;0;0;0;0;0;0;0;0;0;0;0;0;0;0;0;0;0;0;0;0;0;0;0;0;0;0;0;0;0;0;0;0;0;0;0;0;250.86;12;26;0;0;0;0;0;0;0;0;0;0;0;0;0;0;;;;;;;
i-C13H28;0.184;0;0;0;0;0;0;0;0;0;0;0;0;0;0;0;0;0;0;0;0;0;0;0;0;0;0;0;0;0;0;0;0;0;0;0;0;0;0;0;0;0;0;0;0;0;0;0;0;0;0;0;0;0;0;271.38;13;28;0;0;0;0;0;0;0;0;0;0;0;0;0;0;;;;;;;
i-C14H30;0.198;0;0;0;0;0;0;0;0;0;0;0;0;0;0;0;0;0;0;0;0;0;0;0;0;0;0;0;0;0;0;0;0;0;0;0;0;0;0;0;0;0;0;0;0;0;0;0;0;0;0;0;0;0;0;291.9;14;30;0;0;0;0;0;0;0;0;0;0;0;0;0;0;;;;;;;
i-C15H32;0.212;0;0;0;0;0;0;0;0;0;0;0;0;0;0;0;0;0;0;0;0;0;0;0;0;0;0;0;0;0;0;0;0;0;0;0;0;0;0;0;0;0;0;0;0;0;0;0;0;0;0;0;0;0;0;312.42;15;32;0;0;0;0;0;0;0;0;0;0;0;0;0;0;;;;;;;
i-C16H34;0.226;0;0;0;0;0;0;0;0;0;0;0;0;0;0;0;0;0;0;0;0;0;0;0;0;0;0;0;0;0;0;0;0;0;0;0;0;0;0;0;0;0;0;0;0;0;0;0;0;0;0;0;0;0;0;332.94;16;34;0;0;0;0;0;0;0;0;0;0;0;0;0;0;;;;;;;
i-C17H36;0.240;0;0;0;0;0;0;0;0;0;0;0;0;0;0;0;0;0;0;0;0;0;0;0;0;0;0;0;0;0;0;0;0;0;0;0;0;0;0;0;0;0;0;0;0;0;0;0;0;0;0;0;0;0;0;353.46;17;36;0;0;0;0;0;0;0;0;0;0;0;0;0;0;;;;;;;
i-C18H38;0.254;0;0;0;0;0;0;0;0;0;0;0;0;0;0;0;0;0;0;0;0;0;0;0;0;0;0;0;0;0;0;0;0;0;0;0;0;0;0;0;0;0;0;0;0;0;0;0;0;0;0;0;0;0;0;373.98;18;38;0;0;0;0;0;0;0;0;0;0;0;0;0;0;;;;;;;
i-C19H40;0.269;0;0;0;0;0;0;0;0;0;0;0;0;0;0;0;0;0;0;0;0;0;0;0;0;0;0;0;0;0;0;0;0;0;0;0;0;0;0;0;0;0;0;0;0;0;0;0;0;0;0;0;0;0;0;394.5;19;40;0;0;0;0;0;0;0;0;0;0;0;0;0;0;;;;;;;
i-C20H42;0.283;0;0;0;0;0;0;0;0;0;0;0;0;0;0;0;0;0;0;0;0;0;0;0;0;0;0;0;0;0;0;0;0;0;0;0;0;0;0;0;0;0;0;0;0;0;0;0;0;0;0;0;0;0;0;415.02;20;42;0;0;0;0;0;0;0;0;0;0;0;0;0;0;;;;;;;
i-C21H44;0.297;0;0;0;0;0;0;0;0;0;0;0;0;0;0;0;0;0;0;0;0;0;0;0;0;0;0;0;0;0;0;0;0;0;0;0;0;0;0;0;0;0;0;0;0;0;0;0;0;0;0;0;0;0;0;435.54;21;44;0;0;0;0;0;0;0;0;0;0;0;0;0;0;;;;;;;
i-C22H46;0.311;0;0;0;0;0;0;0;0;0;0;0;0;0;0;0;0;0;0;0;0;0;0;0;0;0;0;0;0;0;0;0;0;0;0;0;0;0;0;0;0;0;0;0;0;0;0;0;0;0;0;0;0;0;0;456.06;22;46;0;0;0;0;0;0;0;0;0;0;0;0;0;0;;;;;;;
i-C23H48;0.325;0;0;0;0;0;0;0;0;0;0;0;0;0;0;0;0;0;0;0;0;0;0;0;0;0;0;0;0;0;0;0;0;0;0;0;0;0;0;0;0;0;0;0;0;0;0;0;0;0;0;0;0;0;0;476.58;23;48;0;0;0;0;0;0;0;0;0;0;0;0;0;0;;;;;;;
i-C24H50;0.339;0;0;0;0;0;0;0;0;0;0;0;0;0;0;0;0;0;0;0;0;0;0;0;0;0;0;0;0;0;0;0;0;0;0;0;0;0;0;0;0;0;0;0;0;0;0;0;0;0;0;0;0;0;0;497.1;24;50;0;0;0;0;0;0;0;0;0;0;0;0;0;0;;;;;;;
i-C25H52;0.353;0;0;0;0;0;0;0;0;0;0;0;0;0;0;0;0;0;0;0;0;0;0;0;0;0;0;0;0;0;0;0;0;0;0;0;0;0;0;0;0;0;0;0;0;0;0;0;0;0;0;0;0;0;0;517.62;25;52;0;0;0;0;0;0;0;0;0;0;0;0;0;0;;;;;;;
i-C26H54;0.367;0;0;0;0;0;0;0;0;0;0;0;0;0;0;0;0;0;0;0;0;0;0;0;0;0;0;0;0;0;0;0;0;0;0;0;0;0;0;0;0;0;0;0;0;0;0;0;0;0;0;0;0;0;0;538.14;26;54;0;0;0;0;0;0;0;0;0;0;0;0;0;0;;;;;;;
i-C27H56;0.381;0;0;0;0;0;0;0;0;0;0;0;0;0;0;0;0;0;0;0;0;0;0;0;0;0;0;0;0;0;0;0;0;0;0;0;0;0;0;0;0;0;0;0;0;0;0;0;0;0;0;0;0;0;0;558.66;27;56;0;0;0;0;0;0;0;0;0;0;0;0;0;0;;;;;;;
i-C28H58;0.395;0;0;0;0;0;0;0;0;0;0;0;0;0;0;0;0;0;0;0;0;0;0;0;0;0;0;0;0;0;0;0;0;0;0;0;0;0;0;0;0;0;0;0;0;0;0;0;0;0;0;0;0;0;0;579.18;28;58;0;0;0;0;0;0;0;0;0;0;0;0;0;0;;;;;;;
i-C29H60;0.409;0;0;0;0;0;0;0;0;0;0;0;0;0;0;0;0;0;0;0;0;0;0;0;0;0;0;0;0;0;0;0;0;0;0;0;0;0;0;0;0;0;0;0;0;0;0;0;0;0;0;0;0;0;0;599.7;29;60;0;0;0;0;0;0;0;0;0;0;0;0;0;0;;;;;;;
i-C30H62;0.423;0;0;0;0;0;0;0;0;0;0;0;0;0;0;0;0;0;0;0;0;0;0;0;0;0;0;0;0;0;0;0;0;0;0;0;0;0;0;0;0;0;0;0;0;0;0;0;0;0;0;0;0;0;0;620.22;30;62;0;0;0;0;0;0;0;0;0;0;0;0;0;0;;;;;;;
i-C31H64;0.437;0;0;0;0;0;0;0;0;0;0;0;0;0;0;0;0;0;0;0;0;0;0;0;0;0;0;0;0;0;0;0;0;0;0;0;0;0;0;0;0;0;0;0;0;0;0;0;0;0;0;0;0;0;0;640.74;31;64;0;0;0;0;0;0;0;0;0;0;0;0;0;0;;;;;;;
i-C32H66;0.451;0;0;0;0;0;0;0;0;0;0;0;0;0;0;0;0;0;0;0;0;0;0;0;0;0;0;0;0;0;0;0;0;0;0;0;0;0;0;0;0;0;0;0;0;0;0;0;0;0;0;0;0;0;0;661.26;32;66;0;0;0;0;0;0;0;0;0;0;0;0;0;0;;;;;;;
i-C33H68;0.465;0;0;0;0;0;0;0;0;0;0;0;0;0;0;0;0;0;0;0;0;0;0;0;0;0;0;0;0;0;0;0;0;0;0;0;0;0;0;0;0;0;0;0;0;0;0;0;0;0;0;0;0;0;0;681.78;33;68;0;0;0;0;0;0;0;0;0;0;0;0;0;0;;;;;;;
i-C34H70;0.479;0;0;0;0;0;0;0;0;0;0;0;0;0;0;0;0;0;0;0;0;0;0;0;0;0;0;0;0;0;0;0;0;0;0;0;0;0;0;0;0;0;0;0;0;0;0;0;0;0;0;0;0;0;0;702.3;34;70;0;0;0;0;0;0;0;0;0;0;0;0;0;0;;;;;;;
i-C35H72;0.493;0;0;0;0;0;0;0;0;0;0;0;0;0;0;0;0;0;0;0;0;0;0;0;0;0;0;0;0;0;0;0;0;0;0;0;0;0;0;0;0;0;0;0;0;0;0;0;0;0;0;0;0;0;0;722.82;35;72;0;0;0;0;0;0;0;0;0;0;0;0;0;0;;;;;;;
i-C36H74;0.507;0;0;0;0;0;0;0;0;0;0;0;0;0;0;0;0;0;0;0;0;0;0;0;0;0;0;0;0;0;0;0;0;0;0;0;0;0;0;0;0;0;0;0;0;0;0;0;0;0;0;0;0;0;0;743.34;36;74;0;0;0;0;0;0;0;0;0;0;0;0;0;0;;;;;;;
i-C37H76;0.521;0;0;0;0;0;0;0;0;0;0;0;0;0;0;0;0;0;0;0;0;0;0;0;0;0;0;0;0;0;0;0;0;0;0;0;0;0;0;0;0;0;0;0;0;0;0;0;0;0;0;0;0;0;0;763.86;37;76;0;0;0;0;0;0;0;0;0;0;0;0;0;0;;;;;;;
i-C38H78;0.535;0;0;0;0;0;0;0;0;0;0;0;0;0;0;0;0;0;0;0;0;0;0;0;0;0;0;0;0;0;0;0;0;0;0;0;0;0;0;0;0;0;0;0;0;0;0;0;0;0;0;0;0;0;0;784.38;38;78;0;0;0;0;0;0;0;0;0;0;0;0;0;0;;;;;;;
i-C39H80;0.549;0;0;0;0;0;0;0;0;0;0;0;0;0;0;0;0;0;0;0;0;0;0;0;0;0;0;0;0;0;0;0;0;0;0;0;0;0;0;0;0;0;0;0;0;0;0;0;0;0;0;0;0;0;0;804.9;39;80;0;0;0;0;0;0;0;0;0;0;0;0;0;0;;;;;;;
i-C40H82;0.563;0;0;0;0;0;0;0;0;0;0;0;0;0;0;0;0;0;0;0;0;0;0;0;0;0;0;0;0;0;0;0;0;0;0;0;0;0;0;0;0;0;0;0;0;0;0;0;0;0;0;0;0;0;0;825.42;40;82;0;0;0;0;0;0;0;0;0;0;0;0;0;0;;;;;;;
i-C41H84;0.577;0;0;0;0;0;0;0;0;0;0;0;0;0;0;0;0;0;0;0;0;0;0;0;0;0;0;0;0;0;0;0;0;0;0;0;0;0;0;0;0;0;0;0;0;0;0;0;0;0;0;0;0;0;0;845.94;41;84;0;0;0;0;0;0;0;0;0;0;0;0;0;0;;;;;;;
i-C42H86;0.591;0;0;0;0;0;0;0;0;0;0;0;0;0;0;0;0;0;0;0;0;0;0;0;0;0;0;0;0;0;0;0;0;0;0;0;0;0;0;0;0;0;0;0;0;0;0;0;0;0;0;0;0;0;0;866.46;42;86;0;0;0;0;0;0;0;0;0;0;0;0;0;0;;;;;;;
i-C43H88;0.605;0;0;0;0;0;0;0;0;0;0;0;0;0;0;0;0;0;0;0;0;0;0;0;0;0;0;0;0;0;0;0;0;0;0;0;0;0;0;0;0;0;0;0;0;0;0;0;0;0;0;0;0;0;0;886.98;43;88;0;0;0;0;0;0;0;0;0;0;0;0;0;0;;;;;;;
i-C44H90;0.619;0;0;0;0;0;0;0;0;0;0;0;0;0;0;0;0;0;0;0;0;0;0;0;0;0;0;0;0;0;0;0;0;0;0;0;0;0;0;0;0;0;0;0;0;0;0;0;0;0;0;0;0;0;0;907.5;44;90;0;0;0;0;0;0;0;0;0;0;0;0;0;0;;;;;;;
i-C45H92;0.633;0;0;0;0;0;0;0;0;0;0;0;0;0;0;0;0;0;0;0;0;0;0;0;0;0;0;0;0;0;0;0;0;0;0;0;0;0;0;0;0;0;0;0;0;0;0;0;0;0;0;0;0;0;0;928.02;45;92;0;0;0;0;0;0;0;0;0;0;0;0;0;0;;;;;;;
i-C46H94;0.647;0;0;0;0;0;0;0;0;0;0;0;0;0;0;0;0;0;0;0;0;0;0;0;0;0;0;0;0;0;0;0;0;0;0;0;0;0;0;0;0;0;0;0;0;0;0;0;0;0;0;0;0;0;0;948.54;46;94;0;0;0;0;0;0;0;0;0;0;0;0;0;0;;;;;;;
i-C47H96;0.661;0;0;0;0;0;0;0;0;0;0;0;0;0;0;0;0;0;0;0;0;0;0;0;0;0;0;0;0;0;0;0;0;0;0;0;0;0;0;0;0;0;0;0;0;0;0;0;0;0;0;0;0;0;0;969.06;47;96;0;0;0;0;0;0;0;0;0;0;0;0;0;0;;;;;;;
i-C48H98;0.675;0;0;0;0;0;0;0;0;0;0;0;0;0;0;0;0;0;0;0;0;0;0;0;0;0;0;0;0;0;0;0;0;0;0;0;0;0;0;0;0;0;0;0;0;0;0;0;0;0;0;0;0;0;0;989.58;48;98;0;0;0;0;0;0;0;0;0;0;0;0;0;0;;;;;;;
i-C49H100;0.689;0;0;0;0;0;0;0;0;0;0;0;0;0;0;0;0;0;0;0;0;0;0;0;0;0;0;0;0;0;0;0;0;0;0;0;0;0;0;0;0;0;0;0;0;0;0;0;0;0;0;0;0;0;0;1010.1;49;100;0;0;0;0;0;0;0;0;0;0;0;0;0;0;;;;;;;
i-C50H102;0.703;0;0;0;0;0;0;0;0;0;0;0;0;0;0;0;0;0;0;0;0;0;0;0;0;0;0;0;0;0;0;0;0;0;0;0;0;0;0;0;0;0;0;0;0;0;0;0;0;0;0;0;0;0;0;1030.62;50;102;0;0;0;0;0;0;0;0;0;0;0;0;0;0;;;;;;;
316L;0.056;0;0;0;0;0;0;0;0;0;0;0;0;0;0;0;0;0;0;0;0;0;0;0;0;0;0;0;0;0;0;0;0;0;0;0;396.55;-0.5652;-0.0009;0.000003;-0.000000002;219.27;-0.0789;14.912;0.0043;13.785;0.0077;9.2661;0.015;0.6706;0.0005;293.9;0.8;-0.0007;0.0000002;0;0;0;0;0;0;0.71;0.17;0.12;0;0;0;0;0;0;0;0;;;;;;;
sikaR05AX;0.000;0;0;0;0;0;0;0;0;0;0;0;0;0;0;0;0;0;0;0;0;0;0;0;0;0;0;0;0;0;0;0;0;0;0;0;0;0;0;0;0;0;0;0;0;0;0;0;0;0;0;0;0;0;0;0;0;0;0;0;0;0;0;0;0;0.21;0.1;0.03;1.5;3.2;5;4;;;;;;;
sikaR1AX;0.000;0;0;0;0;0;0;0;0;0;0;0;0;0;0;0;0;0;0;0;0;0;0;0;0;0;0;0;0;0;0;0;0;0;0;0;0;0;0;0;0;0;0;0;0;0;0;0;0;0;0;0;0;0;0;0;0;0;0;0;0;0;0;0;0;0.21;0.2;0.05;1.4;3.5;8;6;;;;;;;
sikaR3AX;0.000;0;0;0;0;0;0;0;0;0;0;0;0;0;0;0;0;0;0;0;0;0;0;0;0;0;0;0;0;0;0;0;0;0;0;0;0;0;0;0;0;0;0;0;0;0;0;0;0;0;0;0;0;0;0;0;0;0;0;0;0;0;0;0;0;0.31;0.6;0.4;4;6;11;8;;;;;;;
sikaR5AX;0.000;0;0;0;0;0;0;0;0;0;0;0;0;0;0;0;0;0;0;0;0;0;0;0;0;0;0;0;0;0;0;0;0;0;0;0;0;0;0;0;0;0;0;0;0;0;0;0;0;0;0;0;0;0;0;0;0;0;0;0;0;0;0;0;0;0.31;1.1;1.2;7;10;14;11;;;;;;;
sikaR10AX;0.000;0;0;0;0;0;0;0;0;0;0;0;0;0;0;0;0;0;0;0;0;0;0;0;0;0;0;0;0;0;0;0;0;0;0;0;0;0;0;0;0;0;0;0;0;0;0;0;0;0;0;0;0;0;0;0;0;0;0;0;0;0;0;0;0;0.43;3.8;13;12;17;25;17;;;;;;;
sikaR15AX;0.000;0;0;0;0;0;0;0;0;0;0;0;0;0;0;0;0;0;0;0;0;0;0;0;0;0;0;0;0;0;0;0;0;0;0;0;0;0;0;0;0;0;0;0;0;0;0;0;0;0;0;0;0;0;0;0;0;0;0;0;0;0;0;0;0;0.4;4.2;17;13;19;30;18;;;;;;;
sikaR20AX;0.000;0;0;0;0;0;0;0;0;0;0;0;0;0;0;0;0;0;0;0;0;0;0;0;0;0;0;0;0;0;0;0;0;0;0;0;0;0;0;0;0;0;0;0;0;0;0;0;0;0;0;0;0;0;0;0;0;0;0;0;0;0;0;0;0;0.43;7.2;22;12;20;37;23;;;;;;;
sikaR30AX;0.000;0;0;0;0;0;0;0;0;0;0;0;0;0;0;0;0;0;0;0;0;0;0;0;0;0;0;0;0;0;0;0;0;0;0;0;0;0;0;0;0;0;0;0;0;0;0;0;0;0;0;0;0;0;0;0;0;0;0;0;0;0;0;0;0;0.43;14;29;18;28;56;32;;;;;;;
sikaR40AX;0.000;0;0;0;0;0;0;0;0;0;0;0;0;0;0;0;0;0;0;0;0;0;0;0;0;0;0;0;0;0;0;0;0;0;0;0;0;0;0;0;0;0;0;0;0;0;0;0;0;0;0;0;0;0;0;0;0;0;0;0;0;0;0;0;0;0.36;25;36;21;32;70;42;;;;;;;
sikaR50AX;0.000;0;0;0;0;0;0;0;0;0;0;0;0;0;0;0;0;0;0;0;0;0;0;0;0;0;0;0;0;0;0;0;0;0;0;0;0;0;0;0;0;0;0;0;0;0;0;0;0;0;0;0;0;0;0;0;0;0;0;0;0;0;0;0;0;0.47;36;44;24;42;94;49;;;;;;;
sikaR80AX;0.000;0;0;0;0;0;0;0;0;0;0;0;0;0;0;0;0;0;0;0;0;0;0;0;0;0;0;0;0;0;0;0;0;0;0;0;0;0;0;0;0;0;0;0;0;0;0;0;0;0;0;0;0;0;0;0;0;0;0;0;0;0;0;0;0;0.5;43;47;22;42;109;53;;;;;;;
sikaR100AX;0.000;0;0;0;0;0;0;0;0;0;0;0;0;0;0;0;0;0;0;0;0;0;0;0;0;0;0;0;0;0;0;0;0;0;0;0;0;0;0;0;0;0;0;0;0;0;0;0;0;0;0;0;0;0;0;0;0;0;0;0;0;0;0;0;0;0.52;58;57;24;47;117;60;;;;;;;
sikaR150AX;0.000;0;0;0;0;0;0;0;0;0;0;0;0;0;0;0;0;0;0;0;0;0;0;0;0;0;0;0;0;0;0;0;0;0;0;0;0;0;0;0;0;0;0;0;0;0;0;0;0;0;0;0;0;0;0;0;0;0;0;0;0;0;0;0;0;0.47;62;63;26;62;139;65;;;;;;;
sikaR200AX;0.000;0;0;0;0;0;0;0;0;0;0;0;0;0;0;0;0;0;0;0;0;0;0;0;0;0;0;0;0;0;0;0;0;0;0;0;0;0;0;0;0;0;0;0;0;0;0;0;0;0;0;0;0;0;0;0;0;0;0;0;0;0;0;0;0;0.51;78;87;28;65;135;70;;;;;;;
;;;;;;;;;;;;;;;;;;;;;;;;;;;;;;;;;;;;;;;;;;;;;;;;;;;;;;;;;;;;;;;;;;;;;;;;;;;;;;;
;;;;;;;;;;;;;;;;;;;;;;;;;;;;;;;;;;;;;;;;;;;;;;;;;;;;;;;;;;;;;;;;;;;;;;;;;;;;;;;
